resource_name,resource_type
AEEC_ANTLP_1,DSL
AEEC_ANTLP_2,DSL
AEEC_ANTLP_3,DSL
AEEC_ELK_1,SCGT90
AEEC_ELK_2,SCGT90
AEEC_ELK_3,SCGT90
AGUAYO_UNIT1,WIND
AJAXWIND_UNIT1,WIND
AJAXWIND_UNIT2,WIND
ALGODON_UNIT1,WIND
ALGODON_UNIT2,WIND
ALVIN_UNIT1,PWRSTR
AMADEUS1_UNIT1,WIND
AMADEUS1_UNIT2,WIND
AMADEUS2_UNIT3,WIND
AMISTAD_AMISTAG1,HYDRO
AMISTAD_AMISTAG2,HYDRO
AMOCOOIL_CC1_1,CCGT90
AMOCOOIL_CC2_9,CCGT90
ANACACHO_ANA,WIND
ANCHOR_BESS1,PWRSTR
ANCHOR_BESS2,PWRSTR
ANCHOR_WIND1,WIND
ANCHOR_WIND2,WIND
ANCHOR_WIND3,WIND
ANCHOR_WIND4,WIND
ANCHOR_WIND5,WIND
ANDMDSLR_UNIT1,PVGR
ANDMDSLR_UNIT2,PVGR
ANGLETON_UNIT1,PWRSTR
ANSON1_UNIT1,PVGR
ANSON1_UNIT2,PVGR
APOGEE_UNIT1,WIND
APOGEE_UNIT2,WIND
APOGEE_UNIT3,WIND
APOGEE_UNIT4,WIND
APOGEE_UNIT5,WIND
APOGEE_UNIT6,WIND
APOGEE_UNIT7,WIND
APPALOSA_UNIT1,WIND
APPALOSA_UNIT2,WIND
AQUILLA_U1_23,WIND
AQUILLA_U1_28,WIND
AQUILLA_U2_23,WIND
AQUILLA_U2_28,WIND
ARAGORN_UNIT1,PVGR
ASTRA_UNIT1,WIND
ATKINS_ATKINSG7,SCLE90
AUSTPL_AUSTING1,HYDRO
AUSTPL_AUSTING2,HYDRO
AVIATOR_UNIT1,WIND
AVIATOR_UNIT2,WIND
AZURE_BESS1,PWRSTR
AZURE_SOLAR1,PVGR
AZURE_SOLAR2,PVGR
AZ_AZ_G1,SCLE90
AZ_AZ_G2,SCLE90
AZ_AZ_G3,SCLE90
AZ_AZ_G4,SCLE90
BAC_CTG1,SCLE90
BAC_CTG2,SCLE90
BAC_CTG3,SCLE90
BAC_CTG4,SCLE90
BAC_CTG5,SCLE90
BAC_CTG6,SCLE90
BAFFIN_UNIT1,WIND
BAFFIN_UNIT2,WIND
BAIRDWND_UNIT1,WIND
BAIRDWND_UNIT2,WIND
BARROW_UNIT1,WIND
BARROW_UNIT2,WIND
BASTEN_CC1_1,CCGT90
BATCAVE_BES1,PWRSTR
BBREEZE_UNIT1,WIND
BBREEZE_UNIT2,WIND
BCATWIND_WIND_1,WIND
BCH_UNIT1,SCLE90
BCH_UNIT2,SCLE90
BCH_UNIT3,SCLE90
BCH_UNIT4,SCLE90
BCH_UNIT5,SCLE90
BCH_UNIT6,SCLE90
BCK_UNIT1,PVGR
BCK_UNIT2,PVGR
BIG_STAR_BESS,PWRSTR
BIG_STAR_UNIT1,PVGR
BIG_STAR_UNIT2,PVGR
BLACKJAK_UNIT1,WIND
BLACKJAK_UNIT2,WIND
BLSUMIT3_UNIT_17,WIND
BLSUMIT3_UNIT_25,WIND
BLSUMMIT_BATTERY,PWRSTR
BLSUMMIT_BLSMT1_5,WIND
BLSUMMIT_BLSMT1_6,WIND
BLSUMMIT_UNIT2_17,WIND
BLSUMMIT_UNIT2_25,WIND
BLUEJAY_BESS1,PWRSTR
BLUEJAY_UNIT1,PVGR
BLUEJAY_UNIT2,PVGR
BOARDCRK_UNIT1,WIND
BOARDCRK_UNIT2,WIND
BOOTLEG_UNIT1,PVGR
BORDAS2_JAVEL2_A,WIND
BORDAS2_JAVEL2_B,WIND
BORDAS2_JAVEL2_C,WIND
BORDAS_JAVEL18,WIND
BORDAS_JAVEL20,WIND
BOSQUESW_CC1_2,CCGT90
BOSQUESW_CC2_4,CCGT90
BRANDON_UNIT1,SCLE90
BRAUNIG_CC1_1,CCGT90
BRAUNIG_VHB1,GSREH
BRAUNIG_VHB2,GSREH
BRAUNIG_VHB3,GSREH
BRAUNIG_VHB6CT5,SCLE90
BRAUNIG_VHB6CT6,SCLE90
BRAUNIG_VHB6CT7,SCLE90
BRAUNIG_VHB6CT8,SCLE90
BRAZORIA_UNIT1,PWRSTR
BRAZ_WND_WND1,WIND
BRAZ_WND_WND2,WIND
BRIGHTSD_UNIT1,PVGR
BRISCOE_WIND,WIND
BRPODESA_UNIT1,PWRSTR
BRP_4631_UNIT1,PWRSTR
BRP_LOP1_UNIT1,PWRSTR
BRP_PBL1_UNIT1,PWRSTR
BRP_PBL2_UNIT1,PWRSTR
BRP_RNC1_UNIT1,PWRSTR
BRP_ZPT1_UNIT1,PWRSTR
BRP_ZPT2_UNIT1,PWRSTR
BRTSW_BCW1,WIND
BR_ARROW_UNIT1,PVGR
BR_ARROW_UNIT2,PVGR
BTE_CC1_4,CCGT90
BUCHAN_BUCHANG1,HYDRO
BUCHAN_BUCHANG2,HYDRO
BUCHAN_BUCHANG3,HYDRO
BUCKTHRN_UNIT1,WIND
BUCKTHRN_UNIT2,WIND
BUFF_GAP_UNIT1,WIND
BUFF_GAP_UNIT2_1,WIND
BUFF_GAP_UNIT2_2,WIND
BUFF_GAP_UNIT3,WIND
BULLCRK_WND1,WIND
BULLCRK_WND2,WIND
BVE_CC1_1,CCGT90
BYRDR_ES_BESS1,PWRSTR
BYU_CC1_3,CCLE90
B_DAVIS_B_DAVIG1,GSREH
B_DAVIS_CC1_1,CCGT90
CABEZON_WIND1,WIND
CABEZON_WIND2,WIND
CALAVERS_JKS1,CLLIG
CALAVERS_JKS2,CLLIG
CALAVERS_OWS1,GSREH
CALAVERS_OWS2,GSREH
CALHOUN_UNIT1,SCLE90
CALHOUN_UNIT2,SCLE90
CALLAHAN_WND1,WIND
CAL_CC1_2,CCGT90
CAMWIND_UNIT1,WIND
CAPRIDG4_BB2_PV1,PVGR
CAPRIDG4_BB2_PV2,PVGR
CAPRIDG4_BB_PV,PVGR
CAPRIDG4_CR4,WIND
CAPRIDGE_CR1,WIND
CAPRIDGE_CR2,WIND
CAPRIDGE_CR3,WIND
CARBN_BSP_1,SCLE90
CASL_GAP_BATTERY1,PWRSTR
CASL_GAP_UNIT1,PVGR
CATARINA_BESS,PWRSTR
CBECII_CC3_2,CCGT90
CBEC_CC1_1,CCLE90
CBEC_CC2_1,CCLE90
CBEC_GT11,SCLE90
CBEC_GT12,SCLE90
CBY4_CC1_3,CCGT90
CBY_CBY_G1,GSSUP
CBY_CBY_G2,GSSUP
CCEC_CC1_4,CCGT90
CEDROHIL_CHW1,WIND
CEDROHIL_CHW2,WIND
CEDRVALE_BESS,PWRSTR
CFLATS_U1,WIND
CHALUPA_UNIT1,WIND
CHALUPA_UNIT2,WIND
CHAMON_CTG_0101,SCLE90
CHAMON_CTG_0301,SCLE90
CHAMPION_UNIT1,WIND
CHE_CC1_6,CCGT90
CHISMGRD_BES1,PWRSTR
CITYVICT_CTG01,SCLE90
CITYVICT_CTG02,SCLE90
CN_BRKS_UNIT_1,WIND
COLETO_COLETOG1,CLLIG
CONIGLIO_UNIT1,PVGR
CORAZON_UNIT1,PVGR
COTPLNS_COTTONPL,WIND
COTPLNS_OLDSETLR,WIND
COTTON_PAP2,WIND
COYOTE_W_UNIT1,WIND
COYOTE_W_UNIT2,WIND
COYOTE_W_UNIT3,WIND
COYOTSPR_BESS,PWRSTR
CPSES_UNIT1,NUC
CPSES_UNIT2,NUC
CRANELL_UNIT1,WIND
CROSSETT_BES1,PWRSTR
CROSSETT_BES2,PWRSTR
CRWN_SLR_UNIT1,PVGR
CSEC_CSECG1,WIND
CSEC_CSECG2,WIND
CVC_CC1_2,CCGT90
DAG_UNIT1,PVGR
DAG_UNIT2,PVGR
DANSBY_DANSBYG1,GSREH
DANSBY_DANSBYG2,SCLE90
DANSBY_DANSBYG3,SCLE90
DCSES_BES1,PWRSTR
DCSES_BES2,PWRSTR
DCSES_BES3,PWRSTR
DCSES_BES4,PWRSTR
DCSES_CT10,SCLE90
DCSES_CT20,SCLE90
DCSES_CT30,SCLE90
DCSES_CT40,SCLE90
DDPEC_CC1_4,CCGT90
DECKER_DPGT_1,SCLE90
DECKER_DPGT_2,SCLE90
DECKER_DPGT_3,SCLE90
DECKER_DPGT_4,SCLE90
DEC_AGR_A,DSL
DEC_AGR_B,DSL
DEC_AGR_C,DSL
DEC_AGR_D,DSL
DELILA_1_G1,PVGR
DELILA_1_G2,PVGR
DERMOTT_UNIT1,WIND
DERMOTT_UNIT2,WIND
DEWOLF_UNIT1,WIND
DIB_CC1_5,CCGT90
DICKNSON_UNIT1,PWRSTR
DIGBY_UNIT1,WIND
DIGBY_UNIT2,WIND
DNDAM_DENISOG1,HYDRO
DNDAM_DENISOG2,HYDRO
DOWGEN_DOW_G37,SCLE90
DOWGEN_DOW_G61,SCLE90
DOWGEN_DOW_G63,SCLE90
DOWGEN_DOW_G66,SCGT90
DOWGEN_DOW_G67,SCGT90
DOWGEN_DOW_G81,SCLE90
DOWGEN_DOW_G82,SCLE90
DOWGEN_DOW_G83,SCLE90
DOWGEN_DOW_GT96,SCGT90
DOWGEN_DOW_ST64,GSNONR
DOWGEN_DOW_ST65,GSNONR
DOWGEN_DOW_ST84,GSNONR
DOWGEN_DOW_ST95,GSNONR
DSKYWND1_UNIT_1A,WIND
DSKYWND1_UNIT_1B,WIND
DSKYWND2_UNIT_2A,WIND
DSKYWND2_UNIT_2B,WIND
DUKE_CC1_2,CCGT90
ECEC_G1,SCGT90
ECEC_G2,SCGT90
ECLIPSE_UNIT1,PVGR
EGROVESL_UNIT1,PVGR
ELARA_SL_UNIT1,PVGR
ELB_ELBCREEK,WIND
ELLISSLR_UNIT1,PVGR
ELSAUZ_UNIT1,WIND
ELSAUZ_UNIT2,WIND
EL_RAYO_UNIT1,WIND
EL_RAYO_UNIT2,WIND
ENDPARKS_ESS1,PWRSTR
ESTONIAN_BES1,PWRSTR
ESTONIAN_SOLAR1,PVGR
ESTONIAN_SOLAR2,PVGR
ETCCS_CC1_2,CCGT90
EUNICE_BES1,PWRSTR
EUNICE_PV1,PVGR
EUNICE_PV2,PVGR
EXGNSND_WIND_1,WIND
EXGNWTL_WIND_1,WIND
EXN_EXN_G1,SCLE90
EXN_EXN_G10,SCLE90
EXN_EXN_G11,SCLE90
EXN_EXN_G12,SCLE90
EXN_EXN_G13,SCLE90
EXN_EXN_G14,SCGT90
EXN_EXN_G15,RENEW
EXN_EXN_G2,SCLE90
EXN_EXN_G3,SCLE90
EXN_EXN_G4,SCGT90
EXN_EXN_G8,SCLE90
EXN_EXN_G9,SCLE90
E_BLACK_UNIT_1,PVGR
FALCON_FALCONG1,HYDRO
FALCON_FALCONG2,HYDRO
FALCON_FALCONG3,HYDRO
FAULKNER_BESS,PWRSTR
FEGC_UNIT1,SCGT90
FENCESLR_BESS1,PWRSTR
FENCESLR_SOLAR1,PVGR
FENCESLR_SOLAR2,PVGR
FERGCC_CC1_2,CCGT90
FERMI_WIND1,WIND
FERMI_WIND2,WIND
FILESSLR_PV1,PVGR
FLAT_TOP_BESS1,PWRSTR
FLCNS_CC1_3,CCLE90
FLOWERII_BESS1,PWRSTR
FLTCK_SSI,WIND
FLUVANNA_UNIT1,WIND
FLUVANNA_UNIT2,WIND
FLVABES1_FLATU1,PWRSTR
FOARDCTY_UNIT1,WIND
FOARDCTY_UNIT2,WIND
FORMOSA_CC1_10,CCLE90
FORMOSA_CC2_3,CCGT90
FORMOSA_FORMOSG11,SCGT90
FORMOSA_FORMOSG12,SCGT90
FORMOSA_FORMOSG8,SCLE90
FOXTROT_UNIT1,WIND
FOXTROT_UNIT2,WIND
FOXTROT_UNIT3,WIND
FPPYD1_FPP_G1_J01,CLLIG
FPPYD1_FPP_G1_J02,CLLIG
FPPYD1_FPP_G2_J01,CLLIG
FPPYD1_FPP_G2_J02,CLLIG
FPPYD2_FPP_G3,CLLIG
FREC_CC1_1,CCGT90
FREC_CC2_1,CCGT90
FRNYPP_CC1_6,CCGT90
FRNYPP_CC2_6,CCGT90
FTR_CC1_1,CCGT90
FTWIND_UNIT_1,WIND
FWLR_SLR_UNIT1,PVGR
GALLOWAY_SOLAR1,""
GAMBIT_BESS1,PWRSTR
GBY_GBYGT73,SCLE90
GBY_GBYGT74,SCLE90
GBY_GBYGT81,SCLE90
GBY_GBYGT82,SCLE90
GBY_GBYGT83,SCLE90
GBY_GBYGT84,SCLE90
GIDEON_GIDEONG1,GSREH
GIDEON_GIDEONG2,GSREH
GIDEON_GIDEONG3,GSREH
GOAT_GOATWIN2,WIND
GOAT_GOATWIND,WIND
GOLINDA_UNIT1,PVGR
GOPHER_UNIT1,WIND
GOPHER_UNIT2,WIND
GPASTURE_WIND_I,WIND
GRANDVW1_COLA,WIND
GRANDVW1_COLB,WIND
GRANDVW1_GV1A,WIND
GRANDVW1_GV1B,WIND
GREASWOD_UNIT1,PVGR
GREASWOD_UNIT2,PVGR
GRIF_TRL_UNIT1,WIND
GRIF_TRL_UNIT2,WIND
GRIZZLY_BESS1,PWRSTR
GRIZZLY_SOLAR1,PVGR
GRSES_UNIT1,GSREH
GRSES_UNIT2,GSREH
GUADG_CC1_4,CCGT90
GUADG_CC2_4,CCGT90
GUNMTN_G1,WIND
GWEC_GWEC_G1,WIND
HARALD_UNIT1,WIND
HAYSEN_HAYSENG1,SCGT90
HAYSEN_HAYSENG2,SCGT90
HAYSEN_HAYSENG3,SCGT90
HAYSEN_HAYSENG4,SCGT90
HEIGHTTN_UNIT1,PWRSTR
HELIOS_UNIT1,PVGR
HHGT_CALLAHAN,WIND
HHGT_HHOLLOW1,WIND
HHGT_HHOLLOW2,WIND
HHGT_HHOLLOW3,WIND
HHGT_HHOLLOW4,WIND
HHOLLOW2_WIND1,WIND
HHOLLOW3_WND_1,WIND
HHOLLOW4_WND1,WIND
HICKMAN_G1_J01,WIND
HICKMAN_G1_J02,WIND
HICKMAN_G2_J01,WIND
HICKMAN_G2_J02,WIND
HI_LONEB_BESS1,PWRSTR
HI_LONE_WGR1A,WIND
HI_LONE_WGR1B,WIND
HI_LONE_WGR1C,WIND
HI_LONE_WGR2,WIND
HI_LONE_WGR2A,WIND
HI_LONE_WGR3,WIND
HI_LONE_WGR4,WIND
HLSES_UNIT3,GSREH
HLSES_UNIT4,GSREH
HLSES_UNIT5,GSREH
HOLCOMB_BESS,PWRSTR
HOLSTEIN_SOLAR1,PVGR
HOLSTEIN_SOLAR2,PVGR
HORSECRK_UNIT1,WIND
HORSECRK_UNIT2,WIND
HOVEY_UNIT1,PVGR
HOVEY_UNIT2,PVGR
HRBESS_BESS,PWRSTR
HRFDWIND_JRDWIND1,WIND
HRFDWIND_JRDWIND2,WIND
HRFDWIND_WIND_G,WIND
HRFDWIND_WIND_V,WIND
HWF_HWFG1,WIND
H_HOLLOW_WND1,WIND
IMPACT_UNIT1,PVGR
INDL_ESS,PWRSTR
INDL_INADALE1,WIND
INDL_INADALE2,WIND
INDNNWP_INDNNWP2,WIND
INGLCOSW_CC1_4,CCGT90
INKSDA_INKS_G1,HYDRO
INRT_W_UNIT1,WIND
INRT_W_UNIT2,WIND
INRT_W_UNIT3,WIND
JACKCNTY_CC1_3,CCGT90
JADE_SLR_UNIT1,PVGR
JADE_SLR_UNIT2,PVGR
JAY_UNIT1,PVGR
JAY_UNIT2,PVGR
JCKCNTY2_CC1_3,CCGT90
JC_BAT_UNIT_1,PWRSTR
JUNO_UNIT1,PVGR
JUNO_UNIT2,PVGR
KARAKAW1_UNIT1,WIND
KARAKAW1_UNIT2,WIND
KARAKAW2_UNIT3,WIND
KEECHI_U1,WIND
KELAM_SL_UNIT1,PVGR
KEO_SHRBINO2,WIND
KING_NE_KINGNE,WIND
KING_NW_KINGNW,WIND
KING_SE_KINGSE,WIND
KING_SW_KINGSW,WIND
KMCHI_CC1_1,CCGT90
KMCHI_CC2_1,CCGT90
LACY_CRK_UNIT1,WIND
LACY_CRK_UNIT2,WIND
LACY_CRK_UNIT3,WIND
LACY_CRK_UNIT4,WIND
LAPETUS_UNIT_1,PVGR
LARDVFTN_G4,SCGT90
LARDVFTN_G5,SCGT90
LASSO_UNIT1,PVGR
LEG_LEG_G1,CLLIG
LEG_LEG_G2,CLLIG
LEON_CRK_LCPCT1,SCLE90
LEON_CRK_LCPCT2,SCLE90
LEON_CRK_LCPCT3,SCLE90
LEON_CRK_LCPCT4,SCLE90
LGDRAW_S_UNIT1_1,PVGR
LGDRAW_S_UNIT1_2,PVGR
LGD_LANGFORD,WIND
LGE_CC1_3,CCGT90
LGW_UNIT1,WIND
LGW_UNIT2,WIND
LHM_CVC_G4,SCGT90
LHORN_N_UNIT1,WIND
LHORN_N_UNIT2,WIND
LHSES_UNIT1,GSREH
LHSES_UNIT2A,GSREH
LIG_UNIT1,SCLE90
LIG_UNIT2,SCLE90
LILY_BESS1,PWRSTR
LILY_SOLAR1,PVGR
LMAJADAS_UNIT1,WIND
LMAJADAS_UNIT2,WIND
LMAJADAS_UNIT3,WIND
LMESASLR_IVORY,PVGR
LMESASLR_UNIT1,PVGR
LNCRK2_G871,WIND
LNCRK2_G872,WIND
LNCRK_G83,WIND
LOCKETT_UNIT1,WIND
LONESTAR_BESS,PWRSTR
LONEWOLF_G1,WIND
LONEWOLF_G2,WIND
LONEWOLF_G3,WIND
LONEWOLF_G4,WIND
LON_SOLAR1,PVGR
LOSTPI_CC1_1,CCGT90
LPCCS_CC1_4,CCGT90
LPCCS_CC2_4,CCGT90
LV1_LV1A,WIND
LV2_LV2,WIND
LV3_UNIT_1,WIND
LV4_UNIT_1,WIND
LV5_UNIT_1,WIND
MADERO_UNIT1,PWRSTR
MADERO_UNIT2,PWRSTR
MAGNO_TN_UNIT1,PWRSTR
MARBFA_MARBFAG1,HYDRO
MARBFA_MARBFAG2,HYDRO
MARIAH_NORTE1,WIND
MARIAH_NORTE2,WIND
MARSFO_MARSFOG1,HYDRO
MARSFO_MARSFOG2,HYDRO
MARSFO_MARSFOG3,HYDRO
MARYNEAL_UNIT1,WIND
MASSENGL_CC1_1,CCLE90
MAVCRK_E_UNIT5,WIND
MAVCRK_E_UNIT6,WIND
MAVCRK_E_UNIT7,WIND
MAVCRK_E_UNIT8,WIND
MAVCRK_E_UNIT9,WIND
MAVCRK_W_UNIT1,WIND
MAVCRK_W_UNIT2,WIND
MAVCRK_W_UNIT3,WIND
MAVCRK_W_UNIT4,WIND
MCDLD_FCW1,WIND
MCDLD_SB1_2,WIND
MCDLD_SB3_282,WIND
MCDLD_SB4_G87,WIND
MCLNSLR_UNIT1,PVGR
MCSES_UNIT6,GSNONR
MCSES_UNIT7,GSNONR
MCSES_UNIT8,GSSUP
MDANP_CT1,SCGT90
MDANP_CT2,SCGT90
MDANP_CT3,SCGT90
MDANP_CT4,SCGT90
MDANP_CT5,SCGT90
MDANP_CT6,SCGT90
MERCURY_PV1,PVGR
MERCURY_PV2,PVGR
MESQCRK_WND1,WIND
MESQCRK_WND2,WIND
MESTENO_UNIT_1,WIND
MGSES_CT1,SCLE90
MGSES_CT2,SCLE90
MGSES_CT3,SCLE90
MGSES_CT4,SCLE90
MGSES_CT5,SCLE90
MGSES_CT6,SCLE90
MIAM1_G1,WIND
MIAM1_G2,WIND
MIDWIND_UNIT1,WIND
MIL_MILLERG1,GSNONR
MIL_MILLERG2,GSREH
MIL_MILLERG3,GSREH
MIL_MILLERG4,SCGT90
MIL_MILLERG5,SCGT90
MIRAGE_GEN_0001,SCLE90
MIRASOLE_MIR11,WIND
MIRASOLE_MIR12,WIND
MIRASOLE_MIR13,WIND
MIRASOLE_MIR21,WIND
MISAE_UNIT1,PVGR
MISAE_UNIT2,PVGR
MLSES_UNIT1,CLLIG
MLSES_UNIT2,CLLIG
MLSES_UNIT3,CLLIG
MOZART_WIND_1,WIND
MUSTNGCK_BES1,PWRSTR
MUSTNGCK_SOLAR1,PVGR
MUSTNGCK_SOLAR2,PVGR
MWEC_G1,WIND
MYR_UNIT1,PVGR
MYR_UNIT2,PVGR
NACPW_UNIT1,RENEW
NBOHR_UNIT1,WIND
NCARBIDE_NCARBIG1,SCLE90
NCARBIDE_NCARBIG2,SCLE90
NCARBIDE_NCARBIG3,SCLE90
NCARBIDE_NCARBIG5,SCLE90
NCARBIDE_NCARBIG6,SCLE90
NCARBIDE_NCARBIG7,SCLE90
NCARBIDE_NCARBIG8,SCLE90
NCO_ESS1,PWRSTR
NEBULA_UNIT1,PVGR
NEDIN_CC1_1,CCGT90
NF_BRP_BES1,PWRSTR
NOBLESLR_BESS1,PWRSTR
NOBLESLR_BESS2,PWRSTR
NOBLESLR_SOLAR1,PVGR
NOBLESLR_SOLAR2,PVGR
NUECES_B_CC1_1,CCGT90
NWF_NBS,PWRSTR
NWF_NWF1,WIND
NWF_NWF2,WIND
OBERON_UNIT_1_J01,PVGR
OBERON_UNIT_1_J02,PVGR
OCI_ALM1_UNIT1,PVGR
OECCS_CC1_4,CCGT90
OECCS_CC2_4,CCGT90
OGSES_UNIT1A,CLLIG
OGSES_UNIT2,CLLIG
OLINGR_OLING_2,GSREH
OLINGR_OLING_3,GSREH
OLINGR_OLING_4,SCLE90
OVEJA_G1,WIND
OVEJA_G2,WIND
OWF_OWF,WIND
OXY_CC_OXY_CCG1,SCLE90
PALMWIND_UNIT1,WIND
PANDA_S_CC1_1,CCGT90
PANDA_T1_CC1_2,CCGT90
PANDA_T2_CC1_1,CCGT90
PAP1_PAP1_J01,WIND
PAP1_PAP1_J02,WIND
PB2SES_CT1,SCLE90
PB2SES_CT2,SCLE90
PB2SES_CT3,SCLE90
PB2SES_CT4,SCLE90
PB2SES_CT5,SCLE90
PC_NORTH_PANTHER1,WIND
PC_SOUTH_PANTH31,WIND
PC_SOUTH_PANTH32,WIND
PC_SOUTH_PANTHER2,WIND
PEARSAL2_AGR_A,DSL
PEARSAL2_AGR_B,DSL
PEARSAL2_AGR_C,DSL
PEARSAL2_AGR_D,DSL
PENA3_UNIT3,WIND
PENA_UNIT1,WIND
PENA_UNIT2_J01,WIND
PENA_UNIT2_J02,WIND
PEY_UNIT1,WIND
PH1_UNIT1,WIND
PH1_UNIT2,WIND
PH2_UNIT1,WIND
PH2_UNIT2,WIND
PHILLWND_UNIT1,WIND
PHILLWND_UNIT2,WIND
PHOEBE_UNIT1,PVGR
PHOEBE_UNIT2,PVGR
PHOENIX_UNIT1,PVGR
PISGAH_SOLAR1,PVGR
PISGAH_SOLAR2,PVGR
PLN_UNIT1,PVGR
PLN_UNIT2,PVGR
PRIDDY_UNIT1,WIND
PRIDDY_UNIT2,WIND
PROSPERO_UNIT1,PVGR
PROSPERO_UNIT2,PVGR
PRO_UNIT1,SCLE90
PRO_UNIT2,SCLE90
PRO_UNIT3,SCLE90
PRO_UNIT4,SCLE90
PRO_UNIT5,SCLE90
PRO_UNIT6,SCLE90
PRO_UNIT7,SCLE90
PRO_UNIT8,SCLE90
PRSPERO2_UNIT1,PVGR
PRSPERO2_UNIT2,PVGR
PR_PR_G2,GSREH
PSA_CC1_3,CCLE90
PSG_CC1_2,CCGT90
PTLBES_BESS1,PWRSTR
PYR_ESS,PWRSTR
PYR_ESS2A,PWRSTR
PYR_ESS2B,PWRSTR
PYR_PYRON1,WIND
PYR_PYRON2,WIND
QALSW_CC1_1,CCGT90
QALSW_CC2_1,CCGT90
QUEEN_BA_BESS1,PWRSTR
QUEEN_SL_SOLAR1,PVGR
QUEEN_SL_SOLAR2,PVGR
QUEEN_SL_SOLAR3,PVGR
QUEEN_SL_SOLAR4,PVGR
RAB_UNIT1,SCLE90
RAB_UNIT2,SCLE90
RAB_UNIT3,SCLE90
RAB_UNIT4,SCLE90
RAB_UNIT5,SCLE90
RAB_UNIT6,SCLE90
RAB_UNIT7,SCLE90
RAB_UNIT8,SCLE90
RADN_SLR_UNIT1,PVGR
RADN_SLR_UNIT2,PVGR
RAMBLER_UNIT1,PVGR
RANCHERO_UNIT1,WIND
RANCHERO_UNIT2,WIND
RATLIFF_SOLAR1,PVGR
RAYBURN_CC1_1,CCLE90
RDCANYON_RDCNY1,WIND
REDBARN_UNIT_1,PVGR
REDBARN_UNIT_2,PVGR
REDFISH_MV1A,WIND
REDFISH_MV1B,WIND
REDGATE_AGR_A,DSL
REDGATE_AGR_B,DSL
REDGATE_AGR_C,DSL
REDGATE_AGR_D,DSL
RELOJ_UNIT1,WIND
RELOJ_UNIT2,WIND
RELOJ_UNIT3,WIND
RELOJ_UNIT4,WIND
REROCK_UNIT1,PVGR
REROCK_UNIT2,PVGR
RHESS2_ESS_1,PWRSTR
RIGGINS_UNIT1,PVGR
RIONOG_CC1_6,CCGT90
RIPPEY_UNIT1,PVGR
ROSELAND_BESS1,PWRSTR
ROSELAND_SOLAR1,PVGR
ROSELAND_SOLAR2,PVGR
ROSELAND_SOLAR3,""
ROUTE_66_WIND1,WIND
ROW_UNIT1,PVGR
RPUBRDS_ESS1,PWRSTR
RSNAKE_G1,WIND
RSNAKE_G2,WIND
RTLSNAKE_BESS,PWRSTR
RTS2_U1,WIND
RTS2_U2,WIND
RTS_U1,WIND
RVRVLYS_ESS1,PWRSTR
RVRVLYS_ESS2,PWRSTR
SADLBACK_BESS,PWRSTR
SAGEDRAW_UNIT1,WIND
SAGEDRAW_UNIT2,WIND
SALTFORK_UNIT1,WIND
SALTFORK_UNIT2,WIND
SALVTION_UNIT1,WIND
SALVTION_UNIT2,WIND
SAMSON_1_G1,PVGR
SAMSON_1_G2,PVGR
SAMSON_3_G1,PVGR
SAMSON_3_G2,PVGR
SANDHSYD_CC1_2,CCGT90
SANDHSYD_SH1,SCLE90
SANDHSYD_SH2,SCLE90
SANDHSYD_SH3,SCLE90
SANDHSYD_SH4,SCLE90
SANDHSYD_SH6,SCLE90
SANDHSYD_SH7,SCLE90
SANMIGL_G1,CLLIG
SANROMAN_WIND_1,WIND
SANTACRU_UNIT1,WIND
SANTACRU_UNIT2,WIND
SBEAN_BESS,PWRSTR
SBE_UNIT1,PVGR
SCES_UNIT1_J01,CLLIG
SCES_UNIT1_J02,CLLIG
SCES_UNIT1_J03,CLLIG
SCES_UNIT1_J04,CLLIG
SCLPCOGN_SCLPC_1,SCGT90
SCLPCOGN_SCLPC_2,SCGT90
SCLPCOGN_SCLPC_3,SCGT90
SCLPCOGN_SCLPC_4,SCGT90
SCSES_UNIT1A,GSREH
SCSES_UNIT2,GSREH
SENATEWD_UNIT1,WIND
SGMTN_SIGNALM2,WIND
SGMTN_SIGNALMT,WIND
SGSA_BESS1,PWRSTR
SHAFFER_UNIT1,WIND
SHANNONW_UNIT_1,WIND
SILASRAY_CC1_1,CCLE90
SILASRAY_SILAS_10,SCLE90
SIRIUS_UNIT1,PVGR
SIRIUS_UNIT2,PVGR
SJS_SJS_G1,SCLE90
SJS_SJS_G2,SCLE90
SKY1_SKY1A,DSL
SKY1_SKY1B,DSL
SLCNHLS_ESS1,PWRSTR
SLCNHLS_ESS2,PWRSTR
SL_SL_G1,SCLE90
SL_SL_G2,SCLE90
SL_SL_G3,GSNONR
SL_SL_G4,GSNONR
SNY_BESS_UNIT1,PWRSTR
SOLARA_UNIT1,PVGR
SPARTA_UNIT1,PVGR
SPARTA_UNIT2,PVGR
SPLAIN1_WIND1,WIND
SPLAIN1_WIND2,WIND
SPLAIN2_WIND21,WIND
SPLAIN2_WIND22,WIND
SPTX12B_BES1,PWRSTR
SPTX12B_UNIT1,PVGR
SRWE1_SRWE2,WIND
SRWE1_UNIT1,WIND
SSPURTWO_SS3WIND1,WIND
SSPURTWO_SS3WIND2,WIND
SSPURTWO_WIND_1,""
STAM_SLR_BESS1,PWRSTR
STAM_SLR_SOLAR1,PVGR
STAM_SLR_SOLAR2,PVGR
STEAM_ENGINE_1,DSL
STEAM_ENGINE_2,DSL
STEAM_ENGINE_3,DSL
STEAM_STEAM_2,GSNONR
STEAM_STEAM_3,GSNONR
STELLA_UNIT1,WIND
STP_STP_G1_J01,NUC
STP_STP_G1_J03,NUC
STP_STP_G1_J04,NUC
STP_STP_G2_J01,NUC
STP_STP_G2_J03,NUC
STP_STP_G2_J04,NUC
STRATEGC_UNIT1,PVGR
STWF_T1,WIND
SUNVASLR_UNIT1,PVGR
SUNVASLR_UNIT2,PVGR
SWEC_G1,WIND
SWEENY_UNIT1,PWRSTR
SWEETWN2_WND2,WIND
SWEETWN2_WND24,""
SWEETWN3_WND3A,WIND
SWEETWN3_WND3B,WIND
SWEETWN4_WND4A,WIND
SWEETWN4_WND4B,WIND
SWEETWN5_WND5,WIND
SWEETWND_WND1,WIND
SWOOSE1_SWOOSEU1,PWRSTR
SWOOSEII_BESS1,PWRSTR
SWT_BESS_UNIT1,PWRSTR
S_HILLS_UNIT1,WIND
TAHOKA_UNIT_1,WIND
TAHOKA_UNIT_2,WIND
TAV_UNIT1,PVGR
TAV_UNIT2,PVGR
TAYGETE2_UNIT1,PVGR
TAYGETE2_UNIT2,PVGR
TAYGETE_UNIT1,PVGR
TAYGETE_UNIT2,PVGR
TC_TCHP1,SCLE90
TEN_CC1_1,CCGT90
TGCCS_CC1_2,CCGT90
TGS_GT01,SCLE90
TGW_T1,WIND
TGW_T2,WIND
THW_CC1_6,CCLE90
THW_CC2_6,CCLE90
THW_THWGT51,SCLE90
THW_THWGT52,SCLE90
THW_THWGT53,SCLE90
THW_THWGT54,SCLE90
THW_THWGT55,SCLE90
THW_THWGT56,SCLE90
THW_THWGT_1,SCLE90
TI_SOLAR_UNIT1,PVGR
TI_SOLAR_UNIT2,PVGR
TKWSW1_ROSCOE,WIND
TKWSW1_ROSCOE2A,WIND
TNP_ONE_TNP_O_1,CLLIG
TNP_ONE_TNP_O_2,CLLIG
TNSKA_CC1_1,CCGT90
TOPAZ_UNIT1,SCLE90
TOPAZ_UNIT10,SCLE90
TOPAZ_UNIT2,SCLE90
TOPAZ_UNIT3,SCLE90
TOPAZ_UNIT4,SCLE90
TOPAZ_UNIT5,SCLE90
TOPAZ_UNIT6,SCLE90
TOPAZ_UNIT7,SCLE90
TOPAZ_UNIT8,SCLE90
TOPAZ_UNIT9,SCLE90
TORR_UNIT1_25,WIND
TORR_UNIT2_23,WIND
TORR_UNIT2_25,WIND
TOSBATT_UNIT1,PWRSTR
TOYAH_BESS,PWRSTR
TRENT_TRENT,WIND
TRENT_UNIT_1B,WIND
TRENT_UNIT_2,WIND
TRENT_UNIT_3A,WIND
TRENT_UNIT_3B,WIND
TRINITY_TH1_BUS1,WIND
TRINITY_TH1_BUS2,WIND
TRIPBUT1_BELU1,PWRSTR
TRSES_UNIT6,GSREH
TRUENO_UNIT1,WIND
TRUENO_UNIT2,WIND
TRUSGILL_UNIT1,WIND
TRUSGILL_UNIT2,WIND
TRUSGILL_UNIT3,WIND
TRUSGILL_UNIT4,WIND
TTWEC_G1,WIND
TURQBESS_BESS1,PWRSTR
TXCTY_CC1_3,CCGT90
TYLRWIND_UNIT1,WIND
TY_COOKE_GT2,SCLE90
TY_COOKE_GT3,SCLE90
UCC_COGN_UCC_C_2,SCLE90
VANCOURT_UNIT1,PVGR
VENADO_UNIT1,WIND
VENADO_UNIT2,WIND
VERAWIND_UNIT1,WIND
VERAWIND_UNIT2,WIND
VERAWIND_UNIT3,WIND
VERAWIND_UNIT4,WIND
VERAWIND_UNIT5,WIND
VERTIGO_WIND_I,WIND
VICTORIA_CC1_1,CCGT90
VICTPORT_CTG01,SCLE90
VICTPORT_CTG02,SCLE90
VICTPRT2_UNIT1,SCLE90
VICTPRT2_UNIT2,SCLE90
VISION_UNIT1,PVGR
VORTEX_BESS1,PWRSTR
VORTEX_WIND1,WIND
VORTEX_WIND2,WIND
VORTEX_WIND3,WIND
VORTEX_WIND4,WIND
WAKEWE_G1_J01,WIND
WAKEWE_G1_J02,WIND
WAKEWE_G2_J01,WIND
WAKEWE_G2_J02,WIND
WAP_WAPGT_1,SCLE90
WAP_WAP_G1,GSREH
WAP_WAP_G2,GSREH
WAP_WAP_G3,GSREH
WAP_WAP_G4,GSSUP
WAP_WAP_G5,CLLIG
WAP_WAP_G6,CLLIG
WAP_WAP_G7,CLLIG
WAP_WAP_G8,CLLIG
WAYMARK_UNIT1,PVGR
WCOLLDG_BSS_U1,PWRSTR
WCPP_CC1_4,CCGT90
WEBBER_S_WSP1,PVGR
WEC_WECG1,WIND
WES_UNIT1,PVGR
WES_UNIT2,PVGR
WFCOGEN_CC1_6,CCLE90
WFTANK_ESS1,PWRSTR
WGU_UNIT1,PVGR
WHCCS2_CC2_4,CCGT90
WHCCS_CC1_1,CCGT90
WHMESA_UNIT1,WIND
WHMESA_UNIT2_23,WIND
WHMESA_UNIT2_28,WIND
WHMESA_UNIT3_23,WIND
WHMESA_UNIT3_28,WIND
WHTTAIL_WR1,WIND
WH_WIND_UNIT1,WIND
WH_WIND_UNIT2,WIND
WILDWIND_UNIT1,WIND
WILDWIND_UNIT2,WIND
WILDWIND_UNIT3,WIND
WILDWIND_UNIT4,WIND
WILDWIND_UNIT5,WIND
WIPOPA_WPP_G1,SCLE90
WIPOPA_WPP_G2,SCLE90
WIPOPA_WPP_G3,SCLE90
WIPOPA_WPP_G4,SCLE90
WIRTZ_WIRTZ_G1,HYDRO
WIRTZ_WIRTZ_G2,HYDRO
WL_RANCH_UNIT1,WIND
WNDTHST2_UNIT1,WIND
WND_WHITNEY1,HYDRO
WND_WHITNEY2,HYDRO
WOODWRD1_WOODWRD1,WIND
WOODWRD2_WOODWRD2,WIND
WORSHAM_BESS1,PWRSTR
WOV_BESS_UNIT1,PWRSTR
W_PECOS_UNIT1,PVGR
X443ESS1_SWRI,PWRSTR
YNG_WND_UNIT1,WIND
YNG_WND_UNIT2,WIND
YNG_WND_UNIT3,WIND
FREC_CC1_2,CCGT90
FREC_CC2_2,CCGT90
DDPEC_CC1_6,CCGT90
WCPP_CC1_1,CCGT90
WHCCS_CC1_2,CCGT90
INGLCOSW_CC1_1,CCGT90
WCPP_CC1_2,CCGT90
INGLCOSW_CC1_2,CCGT90
BASTEN_CC1_2,CCGT90
CBEC_CC1_2,CCLE90
BVE_CC1_2,CCGT90
BTE_CC1_2,CCGT90
QALSW_CC1_3,CCGT90
ETCCS_CC1_1,CCGT90
QALSW_CC1_2,CCGT90
QALSW_CC2_2,CCGT90
B_DAVIS_CC1_4,CCGT90
B_DAVIS_CC1_2,CCGT90
TGCCS_CC1_3,CCGT90
RAYBURN_CC1_3,CCLE90
TNSKA_CC1_2,CCGT90
PANDA_S_CC1_2,CCGT90
TXCTY_CC1_7,CCGT90
TXCTY_CC1_9,CCGT90
DUKE_CC1_1,CCGT90
CCEC_CC1_2,CCGT90
CBY4_CC1_1,CCGT90
FRNYPP_CC1_4,CCGT90
FRNYPP_CC2_4,CCGT90
LPCCS_CC2_1,CCGT90
LPCCS_CC2_3,CCGT90
LPCCS_CC1_1,CCGT90
LPCCS_CC1_3,CCGT90
WCPP_CC1_3,CCGT90
THW_CC2_8,CCLE90
THW_CC1_8,CCLE90
THW_CC1_7,CCLE90
THW_CC1_4,CCLE90
BYU_CC1_4,CCLE90
THW_CC2_3,CCLE90
GUADG_CC2_2,CCGT90
FRNYPP_CC2_5,CCGT90
GUADG_CC1_2,CCGT90
GUADG_CC2_1,CCGT90
GUADG_CC1_1,CCGT90
TGCCS_CC1_1,CCGT90
FRNYPP_CC1_5,CCGT90
BOSQUESW_CC2_1,CCGT90
BOSQUESW_CC1_1,CCGT90
GUADG_CC1_3,CCGT90
GUADG_CC2_3,CCGT90
INGLCOSW_CC1_3,CCGT90
OECCS_CC1_1,CCGT90
OECCS_CC2_1,CCGT90
LOSTPI_CC1_2,CCGT90
OECCS_CC1_2,CCGT90
FRNYPP_CC1_1,CCGT90
LGE_CC1_1,CCGT90
FRNYPP_CC1_3,CCGT90
FRNYPP_CC2_1,CCGT90
FRNYPP_CC2_3,CCGT90
FTR_CC1_5,CCGT90
PANDA_T2_CC1_2,CCGT90
BOSQUESW_CC2_2,CCGT90
PSA_CC1_4,CCLE90
CBY4_CC1_2,CCGT90
LGE_CC1_2,CCGT90
FTR_CC1_2,CCGT90
DDPEC_CC1_1,CCGT90
DIB_CC1_1,CCGT90
PSG_CC1_1,CCGT90
DIB_CC1_2,CCGT90
KMCHI_CC1_9,CCGT90
KMCHI_CC2_7,CCGT90
BRAUNIG_CC1_2,CCGT90
SILASRAY_CC1_2,CCLE90
FERGCC_CC1_1,CCGT90
NUECES_B_CC1_3,CCGT90
NUECES_B_CC1_4,CCGT90
AMOCOOIL_CC2_7,CCGT90
NUECES_B_CC1_2,CCGT90
RAYBURN_CC1_2,CCLE90
DDPEC_CC1_2,CCGT90
WFCOGEN_CC1_5,CCLE90
WHCCS2_CC2_3,CCGT90
FERGCC_CC1_4,CCGT90
CVC_CC1_6,CCGT90
FERGCC_CC1_3,CCGT90
OECCS_CC2_2,CCGT90
BOSQUESW_CC2_3,CCGT90
LPCCS_CC2_2,CCGT90
BTE_CC1_6,CCGT90
FTR_CC1_10,CCGT90
THW_CC1_1,CCLE90
THW_CC2_1,CCLE90
B_DAVIS_CC1_3,CCGT90
THW_CC1_2,CCLE90
THW_CC2_2,CCLE90
QALSW_CC2_3,CCGT90
CBY4_CC1_4,CCGT90
FTR_CC1_12,CCGT90
WFCOGEN_CC1_4,CCLE90
FTR_CC1_7,CCGT90
FLCNS_CC1_1,CCLE90
LGE_CC1_4,CCGT90
BTM_UNIT1,SCLE90
BTM_UNIT2,SCLE90
BTM_UNIT3,SCLE90
BTM_UNIT4,SCLE90
BTM_UNIT5,SCLE90
BTM_UNIT6,SCLE90
DAN_UNIT1,PVGR
DAN_UNIT2,PVGR
DAN_UNIT3,PVGR
DIBOL_BESS,PWRSTR
GALLOWAY_SOLAR2,PVGR
GOMZ_BESS,PWRSTR
JUNCTION_BESS,PWRSTR
OLNEYTN_BESS,PWRSTR
PLEASANT_BESS,PWRSTR
DIB_CC1_3,CCGT90
JCKCNTY2_CC1_2,CCGT90
BYU_CC1_2,CCLE90
THW_CC2_7,CCLE90
RIONOG_CC1_3,CCGT90
FORMOSA_CC2_5,CCGT90
RIONOG_CC1_5,CCGT90
CAL_CC1_1,CCGT90
TXCTY_CC1_8,CCGT90
TXCTY_CC1_4,CCGT90
CBECII_CC3_1,CCGT90
FORMOSA_CC1_1,CCLE90
FORMOSA_CC1_17,CCLE90
FORMOSA_CC1_12,CCLE90
CCEC_CC1_1,CCGT90
LPCCS_CC1_2,CCGT90
JACKCNTY_CC1_1,CCGT90
KMCHI_CC1_3,CCGT90
RIONOG_CC1_2,CCGT90
RIONOG_CC1_1,CCGT90
THW_CC1_3,CCLE90
PRTLAVS_BESS1,PWRSTR
BTE_CC1_3,CCGT90
FORMOSA_CC2_1,CCGT90
JACKCNTY_CC1_2,CCGT90
JCKCNTY2_CC1_1,CCGT90
PSA_CC1_6,CCLE90
PSA_CC1_5,CCLE90
THW_CC2_4,CCLE90
KMCHI_CC1_5,CCGT90
OECCS_CC2_3,CCGT90
THW_CC2_5,CCLE90
